Date,Open,High,Low,Close,Volume
1/2/2018 16:00:00,28.82,28.89,28.26,28.5,832010
1/3/2018 16:00:00,28.53,28.78,28.5,28.62,884722
1/4/2018 16:00:00,28.79,28.94,28.67,28.9,864405
1/5/2018 16:00:00,29.12,29.16,28.77,28.89,716158
1/8/2018 16:00:00,28.91,28.91,28.64,28.82,742545
1/9/2018 16:00:00,28.95,29.11,28.8,28.83,1167045
1/10/2018 16:00:00,28.67,28.7,27.36,27.91,2291982
1/11/2018 16:00:00,27.96,28.2,27.79,28.14,1367519
1/12/2018 16:00:00,28.15,28.37,28.06,28.3,1265480
1/16/2018 16:00:00,28.4,28.53,28.17,28.25,1262270
1/17/2018 16:00:00,28.39,28.58,28.24,28.53,779025
1/18/2018 16:00:00,28.57,28.57,28.35,28.42,687560
1/19/2018 16:00:00,28.51,28.58,28.23,28.3,927395
1/22/2018 16:00:00,28.25,28.47,27.89,28.05,1151193
1/23/2018 16:00:00,28.03,28.13,27.71,28,1859039
1/24/2018 16:00:00,28.15,28.17,27.94,28.09,1340530
1/25/2018 16:00:00,28.17,28.21,27.66,27.7,1381170
1/26/2018 16:00:00,27.8,27.8,27.53,27.64,1614648
1/29/2018 16:00:00,27.62,27.62,27.15,27.31,1679630
1/30/2018 16:00:00,27.25,27.38,26.99,27.32,1336736
1/31/2018 16:00:00,27.4,27.76,27.33,27.71,1452425
2/1/2018 16:00:00,27.65,27.81,27.32,27.63,1767039
2/2/2018 16:00:00,27.41,27.41,26.51,26.52,1788746
2/5/2018 16:00:00,26.29,26.4,25.61,25.62,3001875
2/6/2018 16:00:00,25.22,26.22,24.64,26.21,2557756
2/7/2018 16:00:00,26.12,26.3,25.91,25.92,1830522
2/8/2018 16:00:00,26.02,26.08,25.16,25.16,2385252
2/9/2018 16:00:00,25.33,25.68,25.03,25.56,2205058
2/12/2018 16:00:00,25.63,25.84,25.52,25.7,1177667
2/13/2018 16:00:00,25.64,25.86,25.49,25.84,1020296
2/14/2018 16:00:00,25.54,25.79,25.4,25.68,1267742
2/15/2018 16:00:00,26.21,26.25,25.74,26.22,1685640
2/16/2018 16:00:00,26.22,26.89,26.11,26.66,1590935
2/20/2018 16:00:00,26.62,26.9,26.54,26.61,1718876
2/21/2018 16:00:00,26.62,26.98,26.6,26.65,1575722
2/22/2018 16:00:00,26.85,26.98,26.56,26.62,1563913
2/23/2018 16:00:00,26.79,26.89,26.66,26.76,1485525
2/26/2018 16:00:00,26.81,26.89,26.53,26.75,1249321
2/27/2018 16:00:00,26.61,26.7,26.11,26.15,1055942
2/28/2018 16:00:00,26.21,26.27,25.63,25.63,1483064
3/1/2018 16:00:00,25.64,25.85,25.3,25.46,2291984
3/2/2018 16:00:00,25.17,25.76,25.17,25.74,1036018
3/5/2018 16:00:00,25.51,25.98,25.5,25.98,765370
3/6/2018 16:00:00,26.17,26.31,26.03,26.24,884151
3/7/2018 16:00:00,26.09,26.3,25.97,26.25,765844
3/8/2018 16:00:00,26.36,26.59,26.32,26.54,1369516
3/9/2018 16:00:00,26.67,26.72,26.42,26.6,841551
3/12/2018 16:00:00,26.68,26.68,26.4,26.45,710881
3/13/2018 16:00:00,26.54,26.57,26.1,26.13,805824
3/14/2018 16:00:00,26.33,26.59,26.15,26.36,708371
3/15/2018 16:00:00,26.31,26.8,26.3,26.57,1107564
3/16/2018 16:00:00,26.57,26.66,26.41,26.53,1299327
3/19/2018 16:00:00,26.44,26.45,25.9,26.13,1153465
3/20/2018 16:00:00,26.21,26.26,25.95,26.16,1299622
3/21/2018 16:00:00,26.21,26.72,26.21,26.44,978186
3/22/2018 16:00:00,26.24,26.24,25.6,25.62,1214421
3/23/2018 16:00:00,25.77,25.87,25.58,25.61,1216462
3/26/2018 16:00:00,25.97,26.09,25.74,26.08,1071336
3/27/2018 16:00:00,26.09,26.13,25.59,25.68,877356
3/28/2018 16:00:00,25.66,25.9,25.55,25.66,1492551
3/29/2018 16:00:00,25.92,25.92,25.64,25.82,2142031
4/2/2018 16:00:00,25.84,25.88,25.37,25.46,1915472
4/3/2018 16:00:00,25.68,25.97,25.58,25.77,2925037
4/4/2018 16:00:00,25.49,25.82,25.32,25.75,2068984
4/5/2018 16:00:00,25.82,25.96,25.6,25.92,874218
4/6/2018 16:00:00,25.77,25.97,25.5,25.52,809311
4/9/2018 16:00:00,25.65,25.93,25.5,25.7,674195
4/10/2018 16:00:00,25.99,26.12,25.84,25.85,658977
4/11/2018 16:00:00,25.73,26.1,25.7,26.03,843948
4/12/2018 16:00:00,26.09,26.43,26.07,26.21,992098
4/13/2018 16:00:00,26.36,26.37,25.79,25.88,563682
4/16/2018 16:00:00,26.02,26.11,25.85,25.93,747313
4/17/2018 16:00:00,26.08,26.08,25.83,25.88,957919
4/18/2018 16:00:00,25.91,26.17,25.91,25.97,684046
4/19/2018 16:00:00,25.98,26.03,25.62,25.68,983963
4/20/2018 16:00:00,25.69,25.83,25.5,25.54,668032
4/23/2018 16:00:00,25.58,25.71,25.44,25.48,767648
4/24/2018 16:00:00,25.62,25.71,25.33,25.46,1334328
4/25/2018 16:00:00,25.44,25.46,25.21,25.31,684249
4/26/2018 16:00:00,25.49,25.97,25.38,25.95,1111165
4/27/2018 16:00:00,25.91,26.23,25.91,26.19,782483
4/30/2018 16:00:00,26.23,26.45,26.21,26.24,665580
5/1/2018 16:00:00,26.15,26.27,25.82,26,692635
5/2/2018 16:00:00,25.93,26.08,25.84,25.87,614537
5/3/2018 16:00:00,25.83,26.17,25.74,26.13,744844
5/4/2018 16:00:00,26,26.41,25.93,26.34,564778
5/7/2018 16:00:00,26.34,26.41,26.29,26.34,508240
5/8/2018 16:00:00,26.32,26.39,26.03,26.23,1047787
5/9/2018 16:00:00,26.36,26.43,26.12,26.38,852850
5/10/2018 16:00:00,26.48,27.27,26.41,26.88,920230
5/11/2018 16:00:00,26.89,27.01,26.76,26.85,635155
5/14/2018 16:00:00,26.99,27.2,26.99,27.04,658951
5/15/2018 16:00:00,26.85,27.18,26.63,26.99,1183375
5/16/2018 16:00:00,26.97,27.07,26.58,26.79,742158
5/17/2018 16:00:00,26.85,26.87,26.6,26.69,605126
5/18/2018 16:00:00,26.61,26.79,26.56,26.72,691845
5/21/2018 16:00:00,26.83,26.91,26.75,26.89,379661
5/22/2018 16:00:00,26.91,27.17,26.81,26.88,422103
5/23/2018 16:00:00,26.76,27.11,26.64,27.01,1065646
5/24/2018 16:00:00,26.93,27.05,26.6,26.78,511739
5/25/2018 16:00:00,26.62,26.96,26.55,26.74,554220
5/29/2018 16:00:00,26.51,26.66,26.19,26.31,744228
5/30/2018 16:00:00,26.34,26.76,26.25,26.76,601393
5/31/2018 16:00:00,26.69,26.69,26.15,26.37,1215400
6/1/2018 16:00:00,26.52,26.64,26.42,26.51,330307
6/4/2018 16:00:00,26.65,26.82,26.58,26.79,362648
6/5/2018 16:00:00,26.7,26.87,26.66,26.83,475217
6/6/2018 16:00:00,27.02,27.04,26.78,26.98,622269
6/7/2018 16:00:00,27.01,27.11,26.81,26.87,418311
6/8/2018 16:00:00,26.81,27.34,26.81,27.32,529726
6/11/2018 16:00:00,27.32,27.55,27.32,27.43,597733
6/12/2018 16:00:00,27.42,27.48,27.15,27.46,569027
6/13/2018 16:00:00,27.47,27.69,27.47,27.55,580577
6/14/2018 16:00:00,27.61,28.05,27.55,27.82,1050719
6/15/2018 16:00:00,27.77,27.97,27.43,27.47,954393
6/18/2018 16:00:00,27.36,28.6,27.31,27.44,1028007
6/19/2018 16:00:00,27.23,27.26,27.01,27.09,589147
6/20/2018 16:00:00,27.15,27.64,27.15,27.4,920364
6/21/2018 16:00:00,27.41,27.45,27.13,27.26,537314
6/22/2018 16:00:00,27.36,27.4,27.25,27.27,604179
6/25/2018 16:00:00,27.07,27.21,26.38,26.41,841226
6/26/2018 16:00:00,26.45,26.79,26.37,26.61,773220
6/27/2018 16:00:00,26.69,26.69,26.32,26.35,778512
6/28/2018 16:00:00,26.39,26.74,26.38,26.48,1208173
6/29/2018 16:00:00,26.54,26.98,26.54,26.83,1202114
7/2/2018 16:00:00,26.62,26.72,26.54,26.68,456287
7/3/2018 13:00:00,26.82,27.01,26.47,26.5,507153
7/5/2018 16:00:00,26.65,26.99,26.47,26.95,691864
7/6/2018 16:00:00,26.88,27.39,26.88,27.36,1160121
7/9/2018 16:00:00,27.5,27.62,27.41,27.5,745340
7/10/2018 16:00:00,27.51,27.78,27.43,27.67,422075
7/11/2018 16:00:00,27.58,27.58,27.3,27.34,604782
7/12/2018 16:00:00,27.5,27.94,27.5,27.93,789310
7/13/2018 16:00:00,27.93,28.03,27.46,27.6,543434
7/16/2018 16:00:00,27.64,27.8,27.53,27.68,416691
7/17/2018 16:00:00,27.54,27.8,27.51,27.78,493152
7/18/2018 16:00:00,27.79,27.91,27.71,27.85,471026
7/19/2018 16:00:00,27.7,27.85,27.63,27.81,399099
7/20/2018 16:00:00,27.93,27.97,27.67,27.76,416229
7/23/2018 16:00:00,27.75,27.93,27.64,27.83,544533
7/24/2018 16:00:00,27.93,28.06,27.75,27.85,597789
7/25/2018 16:00:00,27.93,27.99,27.7,27.99,406373
7/26/2018 16:00:00,28.01,28.01,27.67,27.78,535942
7/27/2018 16:00:00,27.83,27.95,27.56,27.63,432464
7/30/2018 16:00:00,27.69,27.71,27.55,27.57,481497
7/31/2018 16:00:00,27.54,28.03,27.46,27.91,759301
8/1/2018 16:00:00,27.98,28.08,27.58,27.64,432172
8/2/2018 16:00:00,27.46,27.72,27.34,27.69,622482
8/3/2018 16:00:00,27.71,27.86,27.52,27.8,474956
8/6/2018 16:00:00,27.77,27.93,27.75,27.85,314837
8/7/2018 16:00:00,27.97,28.03,27.37,27.42,883594
8/8/2018 16:00:00,27.46,27.69,27.32,27.66,872209
8/9/2018 16:00:00,27.8,29.09,27.59,28.91,1877960
8/10/2018 16:00:00,28.73,28.97,28.45,28.79,1182021
8/13/2018 16:00:00,28.77,28.83,28.09,28.28,706783
8/14/2018 16:00:00,28.38,28.89,28.36,28.83,813343
8/15/2018 16:00:00,28.66,28.74,28.5,28.69,1327044
8/16/2018 16:00:00,28.85,29.11,28.81,28.99,1815251
8/17/2018 16:00:00,28.95,29.17,28.8,29.11,842741
8/20/2018 16:00:00,29.26,29.26,28.88,28.92,1013465
8/21/2018 16:00:00,29.04,29.07,28.17,28.19,1352296
8/22/2018 16:00:00,28.13,28.42,28.13,28.25,946720
8/23/2018 16:00:00,28.15,28.38,28.09,28.36,739885
8/24/2018 16:00:00,28.43,28.77,28.36,28.6,569552
8/27/2018 16:00:00,28.66,29.18,28.66,28.92,630259
8/28/2018 16:00:00,28.99,29.17,28.93,29.01,738676
8/29/2018 16:00:00,29,29.3,29,29.23,651149
8/30/2018 16:00:00,29.09,29.14,28.86,28.92,724801
8/31/2018 16:00:00,28.81,28.81,28.13,28.31,900343
9/4/2018 16:00:00,28.24,28.29,27.93,28.21,951618
9/5/2018 16:00:00,28.23,28.36,27.94,28.2,589036
9/6/2018 16:00:00,28.18,28.38,28.03,28.25,598693
9/7/2018 16:00:00,28.15,28.26,27.93,28.13,1358950
9/10/2018 16:00:00,28.22,28.44,28,28.11,818303
9/11/2018 16:00:00,28.03,28.13,27.85,28.02,728968
9/12/2018 16:00:00,28.01,28.09,27.73,27.85,750186
9/13/2018 16:00:00,27.96,28.11,27.87,28.01,502009
9/14/2018 16:00:00,28.02,28.09,27.9,28.01,588763
9/17/2018 16:00:00,28.13,28.32,28.04,28.19,723467
9/18/2018 16:00:00,28.22,28.5,28.22,28.47,590525
9/19/2018 16:00:00,28.54,28.54,28.09,28.13,953959
9/20/2018 16:00:00,28.39,28.88,28.22,28.77,2643311
9/21/2018 16:00:00,28.81,29.34,28.73,29.28,1343166
9/24/2018 16:00:00,29.33,29.38,29.07,29.2,811281
9/25/2018 16:00:00,29.22,29.54,29.15,29.45,1041762
9/26/2018 16:00:00,29.45,29.7,29.45,29.48,978722
9/27/2018 16:00:00,29.5,29.74,29.42,29.47,659421
9/28/2018 16:00:00,29.44,29.55,29.22,29.48,1112973
10/1/2018 16:00:00,29.78,29.81,29.45,29.72,641242
10/2/2018 16:00:00,29.7,29.7,29.26,29.55,1996337
10/3/2018 16:00:00,29.68,29.77,29.3,29.37,1749604
10/4/2018 16:00:00,29.24,29.25,28.64,28.85,1560165
10/5/2018 16:00:00,28.82,29.07,28.62,28.69,1340706
10/8/2018 16:00:00,28.58,28.69,28.52,28.66,668582
10/9/2018 16:00:00,28.6,28.77,28.36,28.69,684055
10/10/2018 16:00:00,28.61,28.61,27.89,27.93,2460195
10/11/2018 16:00:00,27.93,28.05,27.24,27.47,2558993
10/12/2018 16:00:00,27.94,27.95,27.55,27.68,1307564
10/15/2018 16:00:00,27.67,27.76,27.25,27.55,660812
10/16/2018 16:00:00,27.71,27.98,27.66,27.93,659089
10/17/2018 16:00:00,27.9,28.33,27.76,28.29,813155
10/18/2018 16:00:00,28.22,28.22,27.55,27.58,1274636
10/19/2018 16:00:00,27.65,28.02,27.61,27.73,761920
10/22/2018 16:00:00,27.77,27.82,27.45,27.74,782043
10/23/2018 16:00:00,27.38,27.74,27.22,27.57,1137097
10/24/2018 16:00:00,27.49,27.49,26.83,26.85,1341455
10/25/2018 16:00:00,26.99,27.08,26.83,26.97,1125600
10/26/2018 16:00:00,26.74,26.83,26.19,26.63,1042313
10/29/2018 16:00:00,26.92,27.01,26.19,26.42,1076082
10/30/2018 16:00:00,26.42,26.81,26.36,26.8,872959
10/31/2018 16:00:00,27.03,27.24,26.91,26.97,1359688
11/1/2018 16:00:00,27.14,27.34,27.09,27.24,853650
11/2/2018 16:00:00,27.35,27.36,27.11,27.21,810758
11/5/2018 16:00:00,27.27,27.49,27.24,27.45,537946
11/6/2018 16:00:00,27.46,27.54,27.27,27.44,948621
11/7/2018 16:00:00,27.62,27.76,27.44,27.64,891859
11/8/2018 16:00:00,27.5,27.67,27.22,27.4,897295
11/9/2018 16:00:00,27.43,28.85,27.43,28.65,1906292
11/12/2018 16:00:00,28.64,28.84,28.39,28.58,2012884
11/13/2018 16:00:00,28.74,29.19,28.64,29.02,1351158
11/14/2018 16:00:00,29.2,29.3,28.93,29.02,1527885
11/15/2018 16:00:00,28.87,29.18,28.71,29.07,1489008
11/16/2018 16:00:00,28.88,29.1,28.83,29.04,763946
11/19/2018 16:00:00,28.96,29.2,28.83,28.93,1136915
11/20/2018 16:00:00,28.6,28.66,28.12,28.18,2420051
11/21/2018 16:00:00,28.34,28.81,28.3,28.66,792878
11/23/2018 13:00:00,28.37,28.51,28.28,28.37,392625
11/26/2018 16:00:00,28.67,29.33,28.67,29.09,1285524
11/27/2018 16:00:00,28.95,29.48,28.95,29.24,1094184
11/28/2018 16:00:00,29.26,29.38,29.09,29.38,1023500
11/29/2018 16:00:00,29.22,29.48,29.15,29.32,604201
11/30/2018 16:00:00,29.23,29.31,28.85,29.05,1159886
12/3/2018 16:00:00,29.34,29.38,28.95,29.12,1279922
12/4/2018 16:00:00,29.04,29.1,28.41,28.43,956384
12/6/2018 16:00:00,28.09,28.09,27.19,27.91,2693172
12/7/2018 16:00:00,27.93,28.31,27.52,27.61,1347673
12/10/2018 16:00:00,27.54,27.71,27.15,27.56,1818943
12/11/2018 16:00:00,27.83,28.04,27.16,27.2,1335367
12/12/2018 16:00:00,27.47,27.77,27.45,27.5,1065694
12/13/2018 16:00:00,27.46,27.71,27.26,27.36,734321
12/14/2018 16:00:00,27.13,27.52,27.08,27.41,1451338
12/17/2018 16:00:00,27.23,27.39,26.6,26.7,1129527
12/18/2018 16:00:00,26.83,26.99,26.59,26.65,1514251
12/19/2018 16:00:00,26.69,26.92,26.06,26.1,2286420
12/20/2018 16:00:00,26.03,26.17,25.27,25.31,2175516
12/21/2018 16:00:00,25.3,25.42,24.68,24.72,2095002
12/24/2018 13:00:00,24.52,24.82,24.27,24.27,1248355
12/26/2018 16:00:00,24.29,25.11,24.21,25.1,1560922
12/27/2018 16:00:00,24.72,25.26,24.66,25.25,1617296
12/28/2018 16:00:00,25.42,25.56,25,25.15,1480833
12/31/2018 16:00:00,25.37,25.47,25.23,25.38,1163722
1/2/2019 16:00:00,25.1,25.31,24.78,25.13,1605033
1/3/2019 16:00:00,24.98,25.13,24.76,25.08,1370125
1/4/2019 16:00:00,25.37,26.13,25.3,26.12,1935772
1/7/2019 16:00:00,26.22,26.53,26.05,26.5,1415246
1/8/2019 16:00:00,26.7,26.87,26.36,26.53,833573
1/9/2019 16:00:00,26.7,27.03,26.68,27,1227035
1/10/2019 16:00:00,26.81,27.05,26.74,26.93,1457337
1/11/2019 16:00:00,26.79,27.09,26.72,26.93,826396
1/14/2019 16:00:00,26.83,27.03,26.72,26.97,646219
1/15/2019 16:00:00,27.02,27.07,26.84,27.03,813365
1/16/2019 16:00:00,27.13,27.35,27.03,27.23,797761
1/17/2019 16:00:00,27.09,27.68,27.03,27.6,975808
1/18/2019 16:00:00,27.79,27.95,27.63,27.91,654563
1/22/2019 16:00:00,27.64,27.77,27.3,27.48,1113379
1/23/2019 16:00:00,27.63,27.69,27.13,27.42,1071689
1/24/2019 16:00:00,27.5,27.57,27.19,27.51,830019
1/25/2019 16:00:00,27.79,27.84,27.53,27.83,803418
1/28/2019 16:00:00,27.59,27.66,27.29,27.62,834162
1/29/2019 16:00:00,27.69,28.07,27.66,27.81,1503953
1/30/2019 16:00:00,27.87,28.11,27.66,28.07,835908
1/31/2019 16:00:00,28.05,28.58,28.05,28.5,1404975
2/1/2019 16:00:00,28.56,28.76,28.5,28.65,1021602
2/4/2019 16:00:00,28.65,28.94,28.6,28.93,654150
2/5/2019 16:00:00,29.06,29.18,28.99,29.17,918991
2/6/2019 16:00:00,29.16,29.26,28.89,28.91,608433
2/7/2019 16:00:00,28.8,28.95,28.58,28.95,1159883
2/8/2019 16:00:00,28.81,28.98,28.46,28.94,1001815
2/11/2019 16:00:00,29.01,29.12,28.47,28.54,1188252
2/12/2019 16:00:00,28.86,28.92,28.48,28.65,1055836
2/13/2019 16:00:00,28.76,28.77,28.49,28.54,1113759
2/14/2019 16:00:00,29.12,29.18,28.02,28.46,1750396
2/15/2019 16:00:00,28.58,29.12,28.48,29.08,1616994
2/19/2019 16:00:00,29.11,29.52,28.99,29.33,1382718
2/20/2019 16:00:00,29.32,29.49,29.3,29.47,1689324
2/21/2019 16:00:00,29.48,29.54,29.13,29.28,741809
2/22/2019 16:00:00,29.34,29.48,29.26,29.42,621134
2/25/2019 16:00:00,29.58,29.63,29.29,29.34,792708
2/26/2019 16:00:00,29.34,29.73,29.34,29.66,912014
2/27/2019 16:00:00,29.56,29.75,29.36,29.73,1009299
2/28/2019 16:00:00,29.61,30.14,29.61,29.9,1325262
3/1/2019 16:00:00,30.08,30.29,29.91,29.95,1060735
3/4/2019 16:00:00,30.09,30.31,29.93,30.19,939728
3/5/2019 16:00:00,30.19,30.48,30.14,30.22,1167203
3/6/2019 16:00:00,30.18,30.52,30.18,30.5,730166
3/7/2019 16:00:00,30.44,30.57,30.03,30.2,951293
3/8/2019 16:00:00,30.1,30.16,29.87,30.1,987307
3/11/2019 16:00:00,30.22,30.46,30.14,30.34,795301
3/12/2019 16:00:00,30.4,30.52,30.34,30.44,468855
3/13/2019 16:00:00,30.71,30.9,30.32,30.73,8425834
3/14/2019 16:00:00,30.69,30.73,29.95,30.01,4600636
3/15/2019 16:00:00,30.04,30.68,29.95,30.61,2583843
3/18/2019 16:00:00,30.65,30.78,30.5,30.77,1428878
3/19/2019 16:00:00,30.9,30.96,30.63,30.81,1880039
3/20/2019 16:00:00,30.75,31.02,30.55,30.83,1427070
3/21/2019 16:00:00,30.67,31.09,30.67,30.87,2309768
3/22/2019 16:00:00,30.73,30.76,30.38,30.39,976386
3/25/2019 16:00:00,30.35,30.43,30.06,30.32,1527585
3/26/2019 16:00:00,30.65,30.67,30.31,30.53,1714198
3/27/2019 16:00:00,30.48,30.67,30.32,30.53,1919742
3/28/2019 16:00:00,30.57,30.94,30.57,30.83,1653603
3/29/2019 16:00:00,31.02,31.06,30.68,30.88,1378288
4/1/2019 16:00:00,31.1,31.33,30.89,31.32,1840145
4/2/2019 16:00:00,31.44,31.44,31.13,31.3,1421908
4/3/2019 16:00:00,31.44,31.53,31.27,31.39,1827118
4/4/2019 16:00:00,31.34,31.46,31.28,31.43,815286
4/5/2019 16:00:00,31.42,31.52,31.12,31.24,1337453
4/8/2019 16:00:00,31.24,31.29,31.04,31.28,1033887
4/9/2019 16:00:00,31.25,31.27,30.97,31.1,1182469
4/10/2019 16:00:00,31.18,31.38,31.11,31.31,779240
4/11/2019 16:00:00,31.32,31.46,31.18,31.2,1399246
4/12/2019 16:00:00,31.45,31.45,31.26,31.39,2363427
4/15/2019 16:00:00,31.45,31.84,31.34,31.78,1597486
4/16/2019 16:00:00,31.93,31.94,31.68,31.75,1584691
4/17/2019 16:00:00,31.9,31.91,31.47,31.49,1465333
4/18/2019 16:00:00,31.49,31.85,31.46,31.83,850992
4/22/2019 16:00:00,31.82,31.93,31.78,31.83,1228934
4/23/2019 16:00:00,31.83,31.94,31.74,31.93,1111767
4/24/2019 16:00:00,32.04,32.04,31.58,31.59,1183973
4/25/2019 16:00:00,31.65,31.79,31.45,31.73,927452
4/26/2019 16:00:00,31.81,31.87,31.67,31.81,1050744
4/29/2019 16:00:00,31.86,31.93,31.73,31.84,1161617
4/30/2019 16:00:00,31.91,31.96,31.67,31.9,951700
5/1/2019 16:00:00,31.9,32.06,31.68,31.69,1094380
5/2/2019 16:00:00,31.71,31.81,31.42,31.49,1305218
5/3/2019 16:00:00,31.56,31.79,31.44,31.79,1317196
5/6/2019 16:00:00,31.35,31.74,31.25,31.71,689287
5/7/2019 16:00:00,31.38,31.47,31.04,31.14,1180491
5/8/2019 16:00:00,31.11,31.35,31.08,31.08,1163838
5/9/2019 16:00:00,30.98,31.22,30.29,30.65,1505597
5/10/2019 16:00:00,30.81,31.9,30.63,31.67,4109289
5/13/2019 16:00:00,31.15,31.34,30.89,31.32,2000659
5/14/2019 16:00:00,31.44,31.6,31.34,31.49,1630552
5/15/2019 16:00:00,31.43,31.63,31.22,31.49,1476688
5/16/2019 16:00:00,31.55,31.82,31.4,31.55,1919229
5/17/2019 16:00:00,31.13,31.49,31.12,31.38,1488407
5/20/2019 16:00:00,31.19,31.28,31.01,31.08,1689205
5/21/2019 16:00:00,31.22,31.28,31.05,31.14,2721057
5/22/2019 16:00:00,31.1,31.15,30.95,30.98,1607507
5/23/2019 16:00:00,30.57,31.02,30.53,30.81,1351947
5/24/2019 16:00:00,31.08,31.08,30.78,30.97,1243364
5/28/2019 16:00:00,31.09,31.42,30.93,30.93,1700685
5/29/2019 16:00:00,30.94,31,30.52,30.71,2830346
5/30/2019 16:00:00,30.7,30.9,30.57,30.65,921664
5/31/2019 16:00:00,30.31,30.44,30.15,30.35,1198215
6/3/2019 16:00:00,30.42,30.54,30.26,30.51,1603061
6/4/2019 16:00:00,30.67,30.84,30.45,30.79,1534421
6/5/2019 16:00:00,30.93,31.05,30.75,31,1410123
6/6/2019 16:00:00,31.16,31.4,31.03,31.32,2420418
6/7/2019 16:00:00,31.44,31.77,31.42,31.58,1702492
6/10/2019 16:00:00,31.77,31.85,31.43,31.45,1631009
6/11/2019 16:00:00,31.77,31.77,31.27,31.38,779295
6/12/2019 16:00:00,31.33,31.56,31.24,31.34,859610
6/13/2019 16:00:00,31.51,31.61,31.27,31.34,991630
6/14/2019 16:00:00,31.26,31.38,31.11,31.24,739980
6/17/2019 16:00:00,31.24,31.53,31.2,31.21,771786
6/18/2019 16:00:00,31.46,31.89,31.4,31.76,1614543
6/19/2019 16:00:00,31.8,32,31.78,31.83,1718831
6/20/2019 16:00:00,32.14,32.26,31.83,32.02,1321724
6/21/2019 16:00:00,31.97,31.98,31.65,31.87,1418683
6/24/2019 16:00:00,31.93,31.93,31.67,31.79,820523
6/25/2019 16:00:00,31.93,31.93,31.51,31.55,1186162
6/26/2019 16:00:00,31.66,31.67,31.43,31.45,863576
6/27/2019 16:00:00,31.54,31.67,31.51,31.55,791276
6/28/2019 16:00:00,31.63,31.66,31.47,31.63,1492706
7/1/2019 16:00:00,31.89,32.1,31.67,31.92,1378388
7/2/2019 16:00:00,31.98,32.17,31.84,32.08,1195688
7/3/2019 13:00:00,32.18,32.55,32.08,32.37,923232
7/5/2019 16:00:00,32.34,32.35,31.97,32.3,1157488
7/8/2019 16:00:00,32.17,32.24,31.87,31.95,993904
7/9/2019 16:00:00,31.77,32.17,31.76,32.15,984184
7/10/2019 16:00:00,32.43,32.55,32.28,32.3,905401
7/11/2019 16:00:00,32.25,32.43,32.1,32.31,879497
7/12/2019 16:00:00,32.32,32.56,32.23,32.55,1130653
7/15/2019 16:00:00,32.6,32.7,32.41,32.53,1219137
7/16/2019 16:00:00,32.54,32.54,32.18,32.22,747068
7/17/2019 16:00:00,32.23,32.47,32,32.02,760919
7/18/2019 16:00:00,31.94,32.36,31.9,32.22,958801
7/19/2019 16:00:00,32.16,32.27,31.81,31.82,673165
7/22/2019 16:00:00,31.82,31.89,31.7,31.77,1030231
7/23/2019 16:00:00,31.88,32.02,31.71,31.96,1131862
7/24/2019 16:00:00,32.04,32.55,31.94,32.54,1366742
7/25/2019 16:00:00,32.54,32.65,32.37,32.61,1826309
7/26/2019 16:00:00,32.7,32.81,32.54,32.76,881554
7/29/2019 16:00:00,32.8,32.96,32.62,32.75,1144743
7/30/2019 16:00:00,32.65,32.65,32.42,32.56,728679
7/31/2019 16:00:00,32.57,32.66,32.11,32.43,2615655
8/1/2019 16:00:00,32.35,32.88,32.29,32.64,2182215
8/2/2019 16:00:00,32.41,32.56,32.14,32.45,1693536
8/5/2019 16:00:00,31.99,32.05,31.45,31.61,1450278
8/6/2019 16:00:00,31.85,32.2,31.78,32.18,2931552
8/7/2019 16:00:00,31.94,32.61,31.68,32.59,1718204
8/8/2019 16:00:00,32.73,33.24,32.12,33.17,2050590
8/9/2019 16:00:00,33.18,33.78,33.18,33.67,1751668
8/12/2019 16:00:00,33.62,33.86,33.42,33.45,1391972
8/13/2019 16:00:00,33.35,33.85,33.25,33.78,1868253
8/14/2019 16:00:00,33.38,33.54,32.91,32.94,2005542
8/15/2019 16:00:00,33.03,33.29,32.9,33.13,1427413
8/16/2019 16:00:00,33.41,33.86,33.24,33.82,1268810
8/19/2019 16:00:00,33.92,34.23,33.84,34.14,1941301
8/20/2019 16:00:00,34.3,34.31,34.02,34.09,1543635
8/21/2019 16:00:00,34.29,34.46,34.22,34.38,1359649
8/22/2019 16:00:00,34.48,34.48,34.01,34.27,1859044
8/23/2019 16:00:00,34.1,34.3,33.39,33.49,1788156
8/26/2019 16:00:00,33.69,33.88,33.6,33.86,1218051
8/27/2019 16:00:00,34.01,34.01,33.65,33.71,1178547
8/28/2019 16:00:00,33.64,33.89,33.49,33.89,1103208
8/29/2019 16:00:00,33.83,34.15,33.79,34.04,1698548
8/30/2019 16:00:00,34.3,34.35,34.04,34.16,1077997
9/3/2019 16:00:00,33.92,34.27,33.85,34.21,2049092
9/4/2019 16:00:00,34.44,34.78,34.43,34.72,1593632
9/5/2019 16:00:00,34.91,35.35,34.83,35.15,1299568
9/6/2019 16:00:00,35.26,35.48,35.19,35.4,2284706
9/9/2019 16:00:00,35.47,35.51,34.95,35.12,1778611
9/10/2019 16:00:00,35.1,35.1,34.38,34.7,2105533
9/11/2019 16:00:00,34.82,34.99,34.65,34.96,2206632
9/12/2019 16:00:00,35.08,35.64,34.98,35.49,1804521
9/13/2019 16:00:00,35.51,35.82,35.34,35.5,1116172
9/16/2019 16:00:00,35.43,35.5,34.88,34.94,1104968
9/17/2019 16:00:00,35.08,35.53,34.99,35.51,1017362
9/18/2019 16:00:00,35.61,35.61,35.18,35.47,1869996
9/19/2019 16:00:00,35.45,36.02,35.45,35.85,1555619
9/20/2019 16:00:00,35.97,36,35.49,35.68,1493289
9/23/2019 16:00:00,35.59,35.62,35.14,35.18,2518604
9/24/2019 16:00:00,35.1,35.43,34.74,34.81,2230239
9/25/2019 16:00:00,34.78,35.23,34.78,35.12,2581560
9/26/2019 16:00:00,35.25,35.87,35.23,35.74,2663324
9/27/2019 16:00:00,35.88,36.06,35.53,35.71,2671545
9/30/2019 16:00:00,35.2,35.28,34.72,35.14,5768543
10/1/2019 16:00:00,35.08,35.16,34.38,34.41,4083938
10/2/2019 16:00:00,34.23,34.34,33.31,33.8,5507635
10/3/2019 16:00:00,33.69,33.91,33.13,33.65,3666006
10/4/2019 16:00:00,33.78,34.09,33.75,33.98,2367427
10/7/2019 16:00:00,33.91,33.99,33.69,33.86,1968823
10/8/2019 16:00:00,33.75,34.01,33.68,33.78,1572553
10/9/2019 16:00:00,34,34.34,33.88,34.21,3107804
10/10/2019 16:00:00,34.21,34.64,34.18,34.61,2320666
10/11/2019 16:00:00,35.08,35.23,34.81,34.83,1582094
10/14/2019 16:00:00,34.83,35.02,34.65,34.72,592386
10/15/2019 16:00:00,34.81,35.23,34.81,35.05,1356311
10/16/2019 16:00:00,35.18,35.36,34.96,35.34,1714038
10/17/2019 16:00:00,35.48,35.58,35.31,35.34,1133222
10/18/2019 16:00:00,35.41,35.51,35.24,35.33,839046
10/21/2019 16:00:00,35.38,35.6,35.27,35.57,715039
10/22/2019 16:00:00,35.71,35.88,35.51,35.52,1514459
10/23/2019 16:00:00,35.51,35.74,35.46,35.66,1258876
10/24/2019 16:00:00,35.7,36.02,35.62,35.77,1132981
10/25/2019 16:00:00,35.66,35.76,35.46,35.66,1477585
10/28/2019 16:00:00,35.74,36.31,35.7,36.28,1007944
10/29/2019 16:00:00,36.19,36.44,36.12,36.33,1008287
10/30/2019 16:00:00,36.34,36.85,36.04,36.84,1347103
10/31/2019 16:00:00,36.84,36.84,36.41,36.57,1688322
11/1/2019 16:00:00,36.74,37.05,36.71,37.04,1069887
11/4/2019 16:00:00,37.31,37.37,36.94,37.23,1583238
11/5/2019 16:00:00,37.34,37.42,36.97,37.03,1336769
11/6/2019 16:00:00,37,37.23,36.84,37.23,1157093
11/7/2019 16:00:00,37.36,37.64,37.34,37.44,1108739
11/8/2019 16:00:00,37.44,37.49,37.23,37.32,913415
11/11/2019 16:00:00,37.24,37.77,37.24,37.73,870333
11/12/2019 16:00:00,37.73,37.82,37.61,37.68,982044
11/13/2019 16:00:00,37.59,37.95,37.54,37.89,1525236
11/14/2019 16:00:00,38.06,38.46,37.39,38.21,1373850
11/15/2019 16:00:00,38.09,38.38,37.79,38.01,1683956
11/18/2019 16:00:00,38,38.15,37.8,38.04,1162272
11/19/2019 16:00:00,38.07,38.22,37.66,37.88,1598495
11/20/2019 16:00:00,37.79,37.94,37.68,37.93,1400929
11/21/2019 16:00:00,37.86,37.94,37.64,37.76,1154534
11/22/2019 16:00:00,37.76,37.84,37.63,37.79,576570
11/25/2019 16:00:00,37.87,38.12,37.8,38.07,1041543
11/26/2019 16:00:00,38.07,38.42,38.07,38.41,790812
11/27/2019 16:00:00,38.31,38.54,38.23,38.53,649801
11/29/2019 13:00:00,38.7,38.87,38.55,38.66,540580
12/2/2019 16:00:00,38.52,38.53,37.89,38.01,1921540
12/3/2019 16:00:00,37.73,37.93,37.5,37.85,1349967
12/4/2019 16:00:00,38.06,38.4,37.9,38.35,1401991
12/5/2019 16:00:00,38.48,38.56,38.31,38.5,1202990
12/6/2019 16:00:00,38.86,38.89,38.47,38.55,1503752
12/9/2019 16:00:00,38.53,38.64,38.33,38.34,1303109
12/10/2019 16:00:00,38.26,38.4,37.99,38.34,970589
12/11/2019 16:00:00,38.43,38.72,38.33,38.5,882531
12/12/2019 16:00:00,38.5,38.6,37.84,37.9,1735912
12/13/2019 16:00:00,37.87,38.11,37.69,37.99,1971294
12/16/2019 16:00:00,38.22,38.41,38.09,38.33,2625528
12/17/2019 16:00:00,38.39,38.44,38.09,38.37,1018452
12/18/2019 16:00:00,38.4,38.46,38.21,38.29,727780
12/19/2019 16:00:00,38.21,38.74,38.19,38.64,1061907
12/20/2019 16:00:00,38.49,38.99,38.49,38.58,986667
12/23/2019 16:00:00,38.56,38.66,38.07,38.11,906359
12/24/2019 13:00:00,38.11,38.17,37.81,38.15,536835
12/26/2019 16:00:00,38.24,38.39,38.09,38.35,477034
12/27/2019 16:00:00,38.52,38.54,38.22,38.44,733715
12/30/2019 16:00:00,38.44,38.48,38.13,38.27,887847